{"cameraMode":{"drawMode":0,"name":"Shaded","section":"Shading Mode"},"sceneLighting":false,"audioPlay":false,"sceneViewState":{"m_AlwaysRefresh":false,"showFog":true,"showSkybox":false,"showFlares":true,"showImageEffects":true,"showParticleSystems":true,"showVisualEffectGraphs":true,"m_FxEnabled":true},"in2DMode":false,"pivot":{"x":-3.6924004554748537,"y":-1.0517432689666749,"z":0.1843172013759613},"rotation":{"x":-0.10128487646579743,"y":0.6784867644309998,"z":-0.09526754170656204,"w":-0.7213388681411743},"size":2.3788716793060304,"orthographic":false}