{"cameraMode":{"drawMode":0,"name":"Shaded","section":"Shading Mode"},"sceneLighting":true,"audioPlay":false,"sceneViewState":{"m_AlwaysRefresh":false,"showFog":true,"showSkybox":true,"showFlares":true,"showImageEffects":true,"showParticleSystems":true,"showVisualEffectGraphs":true,"m_FxEnabled":true},"in2DMode":false,"pivot":{"x":-0.959264874458313,"y":1.2398948669433594,"z":0.6722409725189209},"rotation":{"x":-0.07013438642024994,"y":-0.9298438429832459,"z":0.25884413719177248,"w":-0.25194594264030459},"size":1.7082655429840088,"orthographic":false}